	Tweet	Username	Date	Hashtags	Likes	Retweets	Replies	Url	Score
QUERY	joe biden won elections
QUERY	joe biden won elections
0	Like Joe Bidenâ€™s Elect ğŸ˜…	17time	Sat Dec 05 20:55:40 +0000 2020	[]	69	19	5	https://twitter.com/i/web/status/1335327000333062150	0.7962299474129932
1	Trump said he won the election. That's not true. Biden won the election. Joe Biden has won more votes than Donald Trump in battleground states that put him past the 270 electoral votes needed to win the presidency. States have certified results: https://t.co/VF16lZH1HA	PolitiFact	Sun Dec 06 00:26:24 +0000 2020	[]	2	2	0	https://twitter.com/i/web/status/1335380030684340224	0.6190495353708195
2	President-elect Joe Biden is having none of it 	Palmer Report	Sun Dec 06 00:15:37 +0000 2020	[]	13	2	0	https://twitter.com/i/web/status/1335377318815076357	0.5355146843636838
3	Joe Biden has now won the election for the 400th time. 	Conor Rogers	Sat Dec 05 00:33:11 +0000 2020	[]	135	16	0	https://twitter.com/i/web/status/1335019351435513859	0.4256428634811208
4	Any Republican that accepts Joe Biden as their President Elect is Dead to me !	âŒğŸ‡ºğŸ‡¸SteveğŸ‡ºğŸ‡¸ğŸ‡ºğŸ‡¸America FirstğŸ‡ºğŸ‡¸ğŸ‡®ğŸ‡¹MAGAğŸ‡ºğŸ‡¸KAG	Sat Dec 05 22:09:20 +0000 2020	[]	429	91	9	https://twitter.com/i/web/status/1335345538724737025	0.4192039380181108
5	But you said it would collapse if Joe Biden was elected. 	Mark McKinnon	Fri Dec 04 22:46:49 +0000 2020	[]	849	76	39	https://twitter.com/i/web/status/1334992585480290305	0.4016190208976219
6	@SenThomTillis Zero election fraud. Joe Biden was lawfully elected President. 	Doug Sharp	Mon Nov 09 17:57:23 +0000 2020	[]	6	3	0	https://twitter.com/i/web/status/1325860047616831494	0.4006935426901638
7	The race in Georgia was certified for President-elect Joe Biden and affirmed by the state's Republican election officials as a fairly conducted and counted voteâ€‹ https://t.co/411mi35xFv	KTVU	Sun Dec 06 00:00:11 +0000 2020	[]	2	1	0	https://twitter.com/i/web/status/1335373435866845185	0.3960476712732233
8	The mainstream media says Joe Biden won the election.   Over one month post-election, this is the crowd in Valdosta, GA they wonâ€™t show you. @OANN https://t.co/dD4FbGYSYz	Jenn Pellegrino OAN ğŸ‡ºğŸ‡¸	Sat Dec 05 22:39:56 +0000 2020	[]	6611	2257	293	https://twitter.com/i/web/status/1335353240641298439	0.38373219743867637
9	"90% of Republican elected (federal) leaders do not believe that Joe Biden has been legally elected. ""Conspiracy theory""?"	Red Collie	Sat Dec 05 23:07:43 +0000 2020	[]	21	10	1	https://twitter.com/i/web/status/1335360229618319360	0.3801922151119423
10	BREAKING: President-elect Joe Biden has now pulled ahead of Donald Trump by seven million votes. This election was never even remotely close.	Palmer Report	Thu Dec 03 23:24:55 +0000 2020	[]	6327	990	71	https://twitter.com/i/web/status/1334639785055547392	0.3772657079262035
11	Do you think Joe Biden won the Presidential election fair and square?	Donna ğŸŒº	Sat Dec 05 20:40:29 +0000 2020	[]	34	28	25	https://twitter.com/i/web/status/1335323180140032002	0.36950316774621744
12	If you voted for Joe Biden, like and retweet this. Prove to Republicans that the election wasn't rigged and Biden just kicked Trump's ass.	I Smoked Trump's Massive Bribery Dump	Sat Dec 05 17:01:13 +0000 2020	[]	5412	3305	173	https://twitter.com/i/web/status/1335267997724925953	0.3688821648073528
13	"President-elect Joe Biden: ""I get the fact that an awful lot of Americans are disappointed I was elected President. Fortunately, there's 7 million more that are happy than disappointed."" https://t.co/x3VVHDcdWM"	The Hill	Sat Dec 05 14:15:00 +0000 2020	[]	1820	177	192	https://twitter.com/i/web/status/1335226167285051394	0.3680251125180482
14	Geez, how many times is Joe Biden going to win the election? ğŸ˜Š	Jon Cooper ğŸ‡ºğŸ‡¸	Sat Dec 05 02:37:55 +0000 2020	[]	27209	1653	736	https://twitter.com/i/web/status/1335050740788850690	0.36208230638971517
15	How can Joe Biden govern a nation when 6/10 Americans think there was election fraud?	Nick Adams	Sun Dec 06 00:02:36 +0000 2020	[]	1	1	0	https://twitter.com/i/web/status/1335374041981575169	0.3550250636450045
16	Why hasn't Joe Biden conceded yet when he clearly lost the election?	Kaitlin Bennett	Sat Dec 05 02:53:17 +0000 2020	[]	11564	1502	737	https://twitter.com/i/web/status/1335054609077968899	0.3543782361075481
17	Should  Trump be charged, for asking the governor of Georgia to overturn President-elect Joe Bidenâ€™s victory, before or after he leaves office?	Political Poet	Sat Dec 05 22:43:21 +0000 2020	[]	398	51	129	https://twitter.com/i/web/status/1335354097650831361	0.3528770197047647
18	The American People know President Trump won this election fair and square! Joe Biden should concede!	Nick Adams	Sat Dec 05 17:49:33 +0000 2020	[]	2053	632	93	https://twitter.com/i/web/status/1335280160522776581	0.32856799593947594
19	Joe Biden is not President Elect. Also, 2+2 does not equal 5	Alice	Sat Dec 05 23:56:45 +0000 2020	[]	15	4	0	https://twitter.com/i/web/status/1335372568623124480	0.3243059977737457
QUERY	donald trump is the president
0	ğŸ”´ LIVE: President Donald Trump Rally 	ğŸŒ©ï¸CipherNodâ­â­â­(Parler, Gab, Minds)ğŸ‡ºğŸ‡¸	Sat Dec 05 22:18:39 +0000 2020	[]	5	5	0	https://twitter.com/i/web/status/1335347883139346432	0.7000873421858786
1	President Donald Trump I love and support. 	ALMIGHTY GOD	Sat Dec 05 15:59:40 +0000 2020	[]	1263	147	8	https://twitter.com/i/web/status/1335252507971350528	0.6020890407687352
2	We love you President Donald J Trump. Here we go !!!!	The great awakening	Sun Dec 06 00:19:40 +0000 2020	[]	1	1	0	https://twitter.com/i/web/status/1335378337989087234	0.48258524924364943
3	Donald Trump said he is a great President... ...is he really?	Nov8Reelection	Sat Dec 05 22:45:40 +0000 2020	[]	27	49	13	https://twitter.com/i/web/status/1335354683095912449	0.4784505083468472
4	Donald Trump is the first President Iâ€™d fight for. There are millions like me.	Mandalore Elect Shotgun Huck	Sun Dec 06 00:19:21 +0000 2020	[]	1	1	0	https://twitter.com/i/web/status/1335378256086913025	0.4632029783341702
5	@realDonaldTrump Can't be there but we are watching!! MY President, Donald J Trump! We love you!!!	Lynn Freeman	Sun Dec 06 00:13:50 +0000 2020	[]	0	1	0	https://twitter.com/i/web/status/1335376868904734721	0.4499776782430952
6	ğŸ”´ LIVE: The President Of The United States President Donald Trump - Rally LIVE in Valdosta, GA - YouTube 	HawkEye	Sat Dec 05 23:42:41 +0000 2020	[]	16	6	0	https://twitter.com/i/web/status/1335369030325186567	0.44368417963694784
7	LIVE: President Donald Trump Rally LIVE in Valdosta, GA 	Fr. Frank Pavone ğŸ‡ºğŸ‡¸ (Text LIFE to 88022)	Sat Dec 05 21:57:58 +0000 2020	[]	168	62	9	https://twitter.com/i/web/status/1335342676032417792	0.4352184816251122
8	LIVE: President Donald Trump Rally LIVE in Valdosta, GA 	Evangelist Alveda King	Sat Dec 05 22:17:32 +0000 2020	[]	353	139	14	https://twitter.com/i/web/status/1335347600560586752	0.4352184816251122
9	ğŸ”´ LIVE: President Donald Trump Rally LIVE in Valdosta, GA... 	Rick 6% Meisingerâ­â­â­	Sat Dec 05 21:13:22 +0000 2020	[]	7	5	1	https://twitter.com/i/web/status/1335331452997824513	0.4352184816251122
10	LIVE: President Donald Trump Rally LIVE in Valdosta, GA 	Fr. Frank Pavone ğŸ‡ºğŸ‡¸ (Text LIFE to 88022)	Sat Dec 05 22:17:32 +0000 2020	[]	323	129	22	https://twitter.com/i/web/status/1335347600728367104	0.4352184816251122
11	ğŸ”´ LIVE: President Donald Trump Rally LIVE in Valdosta, GA 	anonymous patriot ğŸ‡ºğŸ‡¸ğŸ‡ºğŸ‡¸ğŸ‡ºğŸ‡¸	Sun Dec 06 00:02:11 +0000 2020	[]	0	1	0	https://twitter.com/i/web/status/1335373937950257154	0.4352184816251122
12	LIVE: President Donald Trump Rally LIVE in Valdosta, GA 	The Patriot Hour	Sat Dec 05 23:31:03 +0000 2020	[]	28	8	2	https://twitter.com/i/web/status/1335366104114327552	0.4352184816251122
13	LIVE: President Donald Trump Rally LIVE in Valdosta, GA 	Evangelist Alveda King	Sat Dec 05 21:57:58 +0000 2020	[]	112	50	4	https://twitter.com/i/web/status/1335342676242178048	0.4352184816251122
14	LIVE: President Donald Trump Rally LIVE from Valdosta, GA  	Dax Dushkewich	Sat Dec 05 22:43:57 +0000 2020	[]	6	4	1	https://twitter.com/i/web/status/1335354250671566848	0.4352184816251122
15	LIVE: President Donald Trump Rally LIVE in Valdosta, GA. 	BIGâ€ğŸ‡ºğŸ‡¸â€â€MIKE (Parler.com @Bigmikeliny )	Sun Dec 06 00:23:48 +0000 2020	[]	0	1	0	https://twitter.com/i/web/status/1335379378100965377	0.4352184816251122
16	ğŸ”´ LIVE: President Donald Trump Rally LIVE in Valdosta, GA 	Patriot1776ğŸ‡ºğŸ‡¸	Sat Dec 05 22:27:23 +0000 2020	[]	972	376	32	https://twitter.com/i/web/status/1335350082271637509	0.4352184816251122
17	LIVE: President Donald Trump Rally LIVE in Valdosta, GA 	Fr. Frank Pavone ğŸ‡ºğŸ‡¸ (Text LIFE to 88022)	Sat Dec 05 21:56:04 +0000 2020	[]	126	47	4	https://twitter.com/i/web/status/1335342199106490370	0.4352184816251122
18	President of The United States Donald J Trump                    is on the stage now and                         he brought his lovely wife Melania	FaithTheSizeOfAMustardSeedâœï¸MAGA	Sun Dec 06 00:21:26 +0000 2020	[]	1	1	0	https://twitter.com/i/web/status/1335378781452840961	0.41905966223465935
19	President Donald Trump holds a rally for GOP Senators in Valdosta, Ga. 	KTVU	Sun Dec 06 00:02:32 +0000 2020	[]	0	1	0	https://twitter.com/i/web/status/1335374025103605760	0.41881184102008373
QUERY	elections are a fraud
0	The only election fraud is Donald Trump... 	ğŸŒ The Tao of Kat ğŸŒ	Sat Dec 05 22:41:45 +0000 2020	[]	37	11	1	https://twitter.com/i/web/status/1335353695098216448	0.5883199970629739
1	The only fraud in our 2020 election was Trump.	Grandpa Snarky #FBR	Sat Dec 05 20:55:25 +0000 2020	[]	378	87	21	https://twitter.com/i/web/status/1335326935396847617	0.5270352405029948
2	You can't dispute election fraud when you have 4 camaras showing election fraud.	3sidedstory--Fight like a Flynn	Sat Dec 05 14:53:44 +0000 2020	[]	150	64	1	https://twitter.com/i/web/status/1335235916881821696	0.52173254455136
3	If we do not take out the election fraud now we will never again have an election we can trust!!. @realDonaldTrump  #ElectionIntegrity  #ElectionFruad2020  #ElectionFruad	ğŸ‡ºğŸ‡¸ğŸ‡ºğŸ‡¸ğŸ‡ºğŸ‡¸Mike ManningğŸ‡ºğŸ‡¸ğŸ‡ºğŸ‡¸ğŸ‡ºğŸ‡¸âœï¸âœï¸âœï¸ğŸ™ğŸ¤²	Sat Dec 05 23:36:38 +0000 2020	['ElectionIntegrity', 'ElectionFruad2020', 'ElectionFruad']	13	4	0	https://twitter.com/i/web/status/1335367506450673665	0.5036605827010296
4	Election fraud destroys countries.	ğŸ‡ºğŸ‡¸ GELLER REPORT ğŸ‡ºğŸ‡¸	Sat Dec 05 16:22:02 +0000 2020	[]	378	168	5	https://twitter.com/i/web/status/1335258139436978181	0.47330254641986635
5	ELECTION IN GEORGIA IS NOW PROVEN TO BE A FRAUD.	Rudy W. Giuliani	Thu Dec 03 22:09:12 +0000 2020	[]	191938	53922	10221	https://twitter.com/i/web/status/1334620731045507073	0.4671040410387174
6	WIDESPREAD VOTER AND ELECTION FRAUD.	Jason Sullivan	Fri Dec 04 15:56:46 +0000 2020	[]	52	25	0	https://twitter.com/i/web/status/1334889389877432322	0.4655769234712419
7	WIDESPREAD VOTER AND ELECTION FRAUD.	Jason Sullivan	Fri Dec 04 15:59:25 +0000 2020	[]	41	17	6	https://twitter.com/i/web/status/1334890055823855616	0.4655769234712419
8	The 2020 Election Fraud Scandal 	Angela Stanton King ğŸ‡ºğŸ‡¸	Wed Dec 02 11:56:42 +0000 2020	[]	1185	316	57	https://twitter.com/i/web/status/1334104201757036545	0.4533155163406866
9	Yeah, no evidence at all of election fraud...	Will Thias	Sat Nov 21 06:39:02 +0000 2020	[]	3	3	0	https://twitter.com/i/web/status/1330037989997686784	0.45060020080858365
10	Otherwise, not only President Trump himself and his families but also the witnesses of voter fraud &amp; election fraud and all the  public Trump supporters are in the big life threatening from radical left partyâ€¼ï¸	Q17ğŸ‡ºğŸ‡¸Parler@grace111	Sun Dec 06 00:04:46 +0000 2020	[]	1	1	0	https://twitter.com/i/web/status/1335374589610758145	0.41305715007292904
11	@GBI_GA What are you doing about ELECTION FRAUD?	Katie	Sat Dec 05 17:12:25 +0000 2020	[]	0	1	0	https://twitter.com/i/web/status/1335270817387618307	0.4095496441724857
12	@atrupar @joshtpm Calling for election fraud on video (evidence), while decrying election fraud for which judge after judge has thrown out the cases for lack of evidence.  How 2020.	sannl	Sat Dec 05 23:11:30 +0000 2020	[]	8	1	0	https://twitter.com/i/web/status/1335361181859651585	0.39870586057410085
13	The SILENCE of the MSM re the  massive election voter &amp; election FRAUD AND the Illegal Conduct by election officials is COMPLICITY with TOTALITARIANISM! They are not democratic - they are de-facto Fascists.	Larry Pinkney	Sat Dec 05 23:01:40 +0000 2020	[]	57	27	2	https://twitter.com/i/web/status/1335358709912973322	0.39732597698704936
14	Video Evidence Proves Election Fraud. TRUMP WON GEORGIA!	STATE OF US ALL	Sat Dec 05 19:26:40 +0000 2020	[]	228	47	8	https://twitter.com/i/web/status/1335304601248165888	0.3905273647310881
15	Retweet if you think 2020 Presidential election was a FRAUD	Sam Girgis	Thu Dec 03 01:00:53 +0000 2020	[]	115	90	16	https://twitter.com/i/web/status/1334301544901185543	0.380212468563343
16	"The ""Biden only"" votes are the most obvious election fraud in history."	thebradfordfileâ„¢	Sat Dec 05 05:12:57 +0000 2020	[]	20127	4107	173	https://twitter.com/i/web/status/1335089758532460544	0.3763470201495762
17	Live look at the FBI investigating election fraud... 	Rogan Oâ€™Handley ğŸ‡ºğŸ‡¸	Sat Dec 05 22:55:35 +0000 2020	[]	2322	529	91	https://twitter.com/i/web/status/1335357176408322052	0.3754022054664961
18	America is under attack by the Democratic Party! MASSIVE ELECTION FRAUD!	Make America Great Again! ğŸ‡ºğŸ‡¸	Sat Dec 05 04:55:26 +0000 2020	[]	5940	1388	152	https://twitter.com/i/web/status/1335085350042079233	0.3684575512428645
19	@SenThomTillis Zero election fraud. Joe Biden was lawfully elected President. 	Doug Sharp	Mon Nov 09 17:57:23 +0000 2020	[]	6	3	0	https://twitter.com/i/web/status/1325860047616831494	0.3678278076726019
QUERY	pennsylvania
0	It starts with Pennsylvania! 	President Elect ğŸ‡ºğŸ‡¸MAGA_GIRL_2Q2QğŸ‡ºğŸ‡¸	Thu Nov 12 20:38:06 +0000 2020	[]	1	1	0	https://twitter.com/i/web/status/1326987659290562560	0.7117851178336333
1	POLL Will President Trump win the state of Pennsylvania?	Ron Starr	Sat Dec 05 21:48:43 +0000 2020	[]	18	25	2	https://twitter.com/i/web/status/1335340349137453056	0.5301899006049097
2	@TeamTrump Do rallies in Arizona and Pennsylvania.	Daniele Honorat Deplorable TRUMP	Sun Dec 06 00:20:21 +0000 2020	[]	0	1	0	https://twitter.com/i/web/status/1335378510857252865	0.4671538654245418
3	Pennsylvania that is, not you papa	ğŸ‡ºğŸ‡¸ President Elect Tom ğŸ‡ºğŸ‡¸	Sun Dec 06 00:11:36 +0000 2020	[]	0	1	0	https://twitter.com/i/web/status/1335376306335322113	0.4664710152767305
4	Why would Alito allow Pennsylvania until Dec 9 to respond?  If SCOTUS declared the Pennsylvania election voided â€” and did so after the 8th but before the 14th, it would prevent Pennsylvania from naming electors to the Electoral College. ~ @shipwreckedcrew  https://t.co/HuWupE7V4p	Praying Medic	Sat Dec 05 20:24:16 +0000 2020	[]	2448	1158	75	https://twitter.com/i/web/status/1335319097886658560	0.44947910532661944
5	I'm a Legislator in Pennsylvania, and I'm Suing the Governor for Election Fraud 	CelebrityFind	Sat Dec 05 23:30:54 +0000 2020	[]	3	1	0	https://twitter.com/i/web/status/1335366063928774658	0.419882212638926
6	I'm a Legislator in Pennsylvania, and I'm Suing the Governor for Election Fraud. 	Richard Green	Sat Dec 05 13:21:47 +0000 2020	[]	2034	894	162	https://twitter.com/i/web/status/1335212776730615809	0.419882212638926
7	I'm a Legislator in Pennsylvania, and I'm Suing the Governor for Election Fraud 	Jim Hoft	Sat Dec 05 17:13:53 +0000 2020	[]	32027	8779	753	https://twitter.com/i/web/status/1335271187077795843	0.419882212638926
8	Thank You everyone that came to Pennsylvania today! WE WILL WIN! ğŸ‡ºğŸ‡¸ 	Pennsylvania â€œPPâ€ Paleocon ğŸ…ğŸ»ğŸª	Sat Dec 05 21:17:17 +0000 2020	[]	379	61	8	https://twitter.com/i/web/status/1335332440752222219	0.40900573997093664
9	Pennsylvania lawmakers ask Congress to dispute Electoral votes 	Jon Robberson	Sat Dec 05 23:03:21 +0000 2020	[]	23	12	2	https://twitter.com/i/web/status/1335359132296101890	0.35953030332819397
10	There are 14 counties in Pennsylvania that use Dominion voting machines -- and Trump won 12 of them.   If this was a scam, it was a pretty poorly executed one.  https://t.co/6zLFAXB7RJ	Eric Boehm	Mon Nov 30 17:48:18 +0000 2020	[]	2394	957	95	https://twitter.com/i/web/status/1333467907335086081	0.345413137469154
11	I'm a Legislator in Pennsylvania, and I'm Suing the Governor for Election Fraud - American Thinker 	CC	Sat Dec 05 15:11:22 +0000 2020	[]	681	221	24	https://twitter.com/i/web/status/1335240352035467266	0.3294372600358404
12	I'm a Legislator in Pennsylvania, and I'm Suing the Governor for Election Fraud - American Thinker 	Jim Pidd	Sat Dec 05 15:32:22 +0000 2020	[]	353	176	20	https://twitter.com/i/web/status/1335245636673761280	0.3294372600358404
13	Imagine if the election had been closer and, for example, Biden hadnâ€™t picked up Pennsylvania. Republicans wouldnâ€™t be so quiet. Theyâ€™d be actively involved in the coup attempt. Thatâ€™s the part that scares me.	Floss ObamağŸ…ğŸ¾	Sat Dec 05 18:05:22 +0000 2020	[]	83	14	11	https://twitter.com/i/web/status/1335284143983357954	0.325718416825612
14	#SCOTUS should hear the emergency appeal on the Pennsylvania election challenge. 	Ted Cruz	Tue Dec 01 23:03:03 +0000 2020	['SCOTUS']	66565	20561	5782	https://twitter.com/i/web/status/1333909505869017090	0.31930542253265826
15	Pennsylvania state senator says Afghanistan elections 'more secure' than those in his own state https://t.co/ivfbIM70uI #JustTheNews @alexnitzberg	Just the News	Fri Dec 04 02:08:22 +0000 2020	['JustTheNews']	224	65	2	https://twitter.com/i/web/status/1334680917256916992	0.30149435264287655
16	Consider what the country would be enduring right now had Trumpâ€™s loss been decided by just Pennsylvania, with no states for Biden to spare. You can make a strong case that the only reason the election isnâ€™t being overturned is because it wasnâ€™t close.	Aaron Rupar	Sat Dec 05 21:38:40 +0000 2020	[]	4330	500	109	https://twitter.com/i/web/status/1335337819322134532	0.3004290826510556
17	Pennsylvania state senator says Afghanistan elections 'more secure' than those in his own state  For more on this story and all @justthenews breaking news, watch @RealAmVoice on PlutoTV 240, Dish 219, Roku, Apple TV or FireTV.   https://t.co/mm5m2Mvuqy	Real America's Voice (RAV)	Sat Dec 05 22:00:38 +0000 2020	[]	146	63	2	https://twitter.com/i/web/status/1335343348262072321	0.2991594705841664
18	We love the Keystone State! Pennsylvania is MAGA country! @NickJFuentes 	Banana Republican	Sun Dec 06 00:17:07 +0000 2020	[]	1	1	0	https://twitter.com/i/web/status/1335377694171795457	0.29604827330806754
19	"#Pennsylvania This was President Trump's warning to Gov Wolf, one day before the election:     ""Please don't cheat, dont cheat, we're all watching you, governor. We have a lot of eyes on the governor and his friends. A couple of other governors out there too."" -- @realDonaldTrump https://t.co/3At70g6xW5"	Naty ğŸ‡ºğŸ‡¸	Sat Dec 05 19:00:28 +0000 2020	['Pennsylvania']	1310	427	35	https://twitter.com/i/web/status/1335298007638536193	0.29461538101446766
QUERY	trump out
0	Trump! Trump! Trump! 	ğŸ„ğŸ‘±ğŸ»â€â™€ï¸Robertaâ€™s WorldÂ®ï¸ğŸ¤·ğŸ¼â€â™€ï¸â˜ƒï¸	Sat Dec 05 23:41:47 +0000 2020	[]	14	2	1	https://twitter.com/i/web/status/1335368804726046721	1.0
1	Trump won ğŸ‡ºğŸ‡¸	President Elect â„‚ğ•ªğ•“ğ•šğ• ğ•ğ•£ğ•šğ•˜ğ•™ğ•¥ğŸ‡ºğŸ‡¸	Sat Dec 05 04:43:11 +0000 2020	[]	12	5	0	https://twitter.com/i/web/status/1335082265228038145	1.0
2	Trump WON 	QAnonBrazil ğŸ‡§ğŸ‡·ğŸ‡ºğŸ‡¸ğŸ‡¦ğŸ‡ºğŸ›¸ğŸ‡®ğŸ‡±ğŸ‡®ğŸ‡©ğŸ‡®ğŸ‡¹	Sun Dec 06 00:08:30 +0000 2020	[]	1	1	0	https://twitter.com/i/web/status/1335375529306955776	1.0
3	Trump won.	Kevin Sorbo	Tue Dec 01 20:36:40 +0000 2020	[]	105899	12129	4412	https://twitter.com/i/web/status/1333872664478408710	1.0
4	TRUMP WON	nancy gao	Sat Dec 05 21:34:39 +0000 2020	[]	10	4	0	https://twitter.com/i/web/status/1335336811758034950	1.0
5	TRUMP ! TRUMP ! TRUMP ! TRUMP !	The TRUMP PAGE ğŸ‡ºğŸ‡¸	Sun Dec 06 00:04:08 +0000 2020	[]	2	1	0	https://twitter.com/i/web/status/1335374427853221888	1.0
6	Trump won.	ğ–•ÉÉ¯ ğ–˜Ä± ğ–•ğ–‘É¹ğ–”Ê ÇÉ¥Ê‡	Sun Dec 06 00:25:27 +0000 2020	[]	3	1	0	https://twitter.com/i/web/status/1335379794368851968	1.0
7	TRUMP WON 	Cosmo Di Girolamo	Sat Dec 05 18:40:40 +0000 2020	[]	31	2	2	https://twitter.com/i/web/status/1335293026407772161	1.0
8	ğŸ–•ğŸ»Trump ğŸ‘‡ğŸ» 	SPACEFORCE COMMANDER ğŸ‡¨ğŸ‡¦	Sun Dec 06 00:10:51 +0000 2020	[]	1	1	0	https://twitter.com/i/web/status/1335376118833147904	1.0
9	Trump WON	QAnonBrazil ğŸ‡§ğŸ‡·ğŸ‡ºğŸ‡¸ğŸ‡¦ğŸ‡ºğŸ›¸ğŸ‡®ğŸ‡±ğŸ‡®ğŸ‡©ğŸ‡®ğŸ‡¹	Sun Dec 06 00:04:59 +0000 2020	[]	1	1	0	https://twitter.com/i/web/status/1335374643553853442	1.0
10	Trump is on now...	ğŸ”¥ğŸŒ¹Eva BondğŸŒ¹ğŸ”¥	Sun Dec 06 00:25:07 +0000 2020	[]	2	1	1	https://twitter.com/i/web/status/1335379709664825346	1.0
11	Trump won	Snoopy	Sun Dec 06 00:10:00 +0000 2020	[]	1	1	1	https://twitter.com/i/web/status/1335375903996731395	1.0
12	Trump Trump Trump We Love Trump @realDonaldTrump	COLDRIVERâŒ	Sun Dec 06 00:17:21 +0000 2020	[]	6	1	0	https://twitter.com/i/web/status/1335377755630780417	0.6345231536662974
13	Trump is our President.	solomon	Sat Dec 05 22:42:53 +0000 2020	[]	33	7	1	https://twitter.com/i/web/status/1335353979677642758	0.4208021984851649
14	Trump Won and We KNOW it! TRUMP 2020!!!	TRUMP ALWAYS WINS!!!	Sat Dec 05 21:39:25 +0000 2020	[]	181	50	5	https://twitter.com/i/web/status/1335338008904683521	0.38596361268939317
15	Trump won Georgia 	concetta	Sun Dec 06 00:04:26 +0000 2020	[]	2	2	0	https://twitter.com/i/web/status/1335374503577341952	0.3825565853617955
16	Trump won Georgia.	Evan Kilgore ğŸ‡ºğŸ‡¸	Sat Dec 05 20:18:31 +0000 2020	[]	2984	507	75	https://twitter.com/i/web/status/1335317649006456834	0.3825565853617955
17	Trump won all of these states.	RobgğŸ”¥ğŸ”¥ğŸ‡ºğŸ‡¸ğŸ‡ºğŸ‡¸ğŸ‡ºğŸ‡¸ğŸ‡ºğŸ‡¸ğŸ‡ºğŸ‡¸ğŸ£ğŸğŸ§±ğŸ‹ï¸ğŸ‘‘ğŸ‡ºğŸ‡¸	Sat Dec 05 13:49:28 +0000 2020	[]	1076	271	37	https://twitter.com/i/web/status/1335219743175872513	0.3603948443065647
18	Trumpâ€™s America. 	chris evans	Sat Dec 05 18:01:00 +0000 2020	[]	215	81	14	https://twitter.com/i/web/status/1335283042336854018	0.3566917859837801
19	Trump rally now!	Maga MarkğŸ‡ºğŸ‡¸ğŸ‡ºğŸ‡¸ğŸ‡ºğŸ‡¸âœŒğŸ½âœŒğŸ½âœŒğŸ½ âœŒğŸ½âœŒğŸ½I Follow Back	Sun Dec 06 00:21:07 +0000 2020	[]	1	1	0	https://twitter.com/i/web/status/1335378702109184002	0.3513917324986224
QUERY	votes fraud
0	"The ""Biden only"" votes are the most obvious election fraud in history."	thebradfordfileâ„¢	Sat Dec 05 05:12:57 +0000 2020	[]	20127	4107	173	https://twitter.com/i/web/status/1335089758532460544	0.34869573182390634
1	@LLinWood #Iftheycheatedtheydontgetseated    Pass it on.   No elector who was voted in by fraud should vote in the Electoral College.   Not a one.  Can we stop this? Yes, we can.	Sally Eastman	Sat Dec 05 22:27:58 +0000 2020	['Iftheycheatedtheydontgetseated']	29	8	0	https://twitter.com/i/web/status/1335350226480148482	0.3318346194525793
2	This is how these folks in places like Atlanta do fraud.   It's a family affair.   FAMILY FRAUD: Vote Counter Who Provided Suitcase Ballots Is DAUGHTER Of Vote Counter Identified As Ruby Freeman  https://t.co/SkfKkqqUbV	Jarome Bell	Fri Dec 04 12:22:04 +0000 2020	[]	123	82	16	https://twitter.com/i/web/status/1334835357968379906	0.308468418208692
3	This is fraud when votes count multiple times to change the win of Trump into loss. 	Hizbullah Khan	Mon Nov 16 20:48:16 +0000 2020	[]	496	353	16	https://twitter.com/i/web/status/1328439767768440834	0.2799906611315817
4	3. He then explains that the vote was criminally rigged with â€œfraudâ€ (which is a crime) and that itâ€™s now time to overturn the election results and correct them:  Millions of votes were cast  illegally in the swing states alone, and if thatâ€™s the case, the results of the	Warren C.ğŸ‡ºğŸ‡¸ 45th POTUS = G.O.A.T. ğŸ‡ºğŸ‡¸ âœï¸	Fri Dec 04 09:28:02 +0000 2020	[]	278	89	1	https://twitter.com/i/web/status/1334791563906482177	0.27377431079237885
5	Donald Trump is such a legitimate moron that his idea of fraud are legal votes being counted.	Bryan Behar	Thu Dec 03 08:12:15 +0000 2020	[]	522	52	13	https://twitter.com/i/web/status/1334410105027084289	0.2508296694166197
6	Just wondering how someone with a history of being arrested for FRAUD gets to count OUR VOTES in ATLANTA? #rubyfreeman https://t.co/e55RSRR8C1	President Elect Laura ğŸ‡ºğŸ‡¸	Sat Dec 05 02:57:11 +0000 2020	['rubyfreeman']	462	239	48	https://twitter.com/i/web/status/1335055588787691521	0.24890463957791903
7	This was my first year ever voting. We're judges &amp; police chiefs on those ballots too? ğŸ¤” This fraud has been going on for a loooong time. [They] have control of every major city. HOW do you think that happened? This isn't only about Biden. MAJOR cleanse.  https://t.co/e6WrkG7nrO	vDarkness Falls	Sat Dec 05 00:37:17 +0000 2020	[]	149	22	6	https://twitter.com/i/web/status/1335020382986723328	0.23488400869489173
8	Hey guys, I know we're pissed at the Republicans and the obvious fraud going on in Georgia, but we have to go vote in the runoffs. We need to turn out just as big as we did for Trump, losing the Senate is not an option.	McKayla J	Sat Dec 05 17:10:02 +0000 2020	[]	1183	257	61	https://twitter.com/i/web/status/1335270215400218630	0.2345498542215444
9	@realDonaldTrump Republican Vote Defense Fund, Place Your Contribution Against Voter Fraud. @senatemajldr @LindseyGrahamSC @TheTrumpTrain @POTUS @QanonAnonymous @Qanon76 https://t.co/2iVWARCjq1	Donald Mc K	Sun Dec 06 00:13:20 +0000 2020	[]	1	1	0	https://twitter.com/i/web/status/1335376742404395010	0.23293827549686952
10	@thealkimist @Mom2twinsplus21 @dougducey Dead people cant vote without fraud. People voting by absentee ballot when they DID NOT request a absentee ballot is fraud. More people voting than Registered voters is fraud. Your brain is a fraud. Your bias is treasonous.	Dustyiron	Tue Dec 01 21:53:27 +0000 2020	[]	3	1	2	https://twitter.com/i/web/status/1333891987922182146	0.22313771299139232
11	I have never seen so obvious and horrible fraud in voting in my life! And MSM are supporting that all! Well , that is part of propaganda, brainwashing and indoctrination! The sad part of it is ,how many people is so uneducated, stupid and eating that crazy shit!	ğŸ’ğŸ§ Vladimir Sanaxâ­â­â­	Sat Dec 05 23:46:00 +0000 2020	[]	3	4	0	https://twitter.com/i/web/status/1335369866967191552	0.21838970315708656
12	WE CAUGHT THEM!  Biden is screwed because they got sloppy.  This illegal vote dump netted Biden 126K fraud votes and Trump only needs 1,267 thrown out.  #SuitcaseGate #DemElectionFraudExposed  #Trump2020 https://t.co/I8vkwFXdvB	Statue Loves Trump	Fri Dec 04 18:02:03 +0000 2020	['SuitcaseGate', 'DemElectionFraudExposed', 'Trump2020']	181	141	12	https://twitter.com/i/web/status/1334920918553006085	0.21655071258918218
13	When your candidate has been defeated by over 7 million votes &amp; heâ€™s making money by claiming fraud &amp; refusing to concede, youâ€™re not a freedom fighter because youâ€™re excited for him to keep battling. Youâ€™re one of the exploited whoâ€™s been duped by a conman who rejects democracy.	Steven Beschloss	Sat Dec 05 19:17:36 +0000 2020	[]	6956	1716	126	https://twitter.com/i/web/status/1335302320175816705	0.21623962858872314
14	"I see people going on about ""suitcases of votes"" and them being proof of fraud. They're called ballot containers. They are normal. Give up."	Chris	Sat Dec 05 17:27:11 +0000 2020	[]	75	7	1	https://twitter.com/i/web/status/1335274533809479681	0.21444505309313494
15	Ruby the suitcase vote lady. She apparently has a history of...let me check notes..FRAUD! 	Viktoriia ğŸ‡ºğŸ‡¸ğŸ‡ºğŸ‡¦	Fri Dec 04 22:11:56 +0000 2020	[]	26837	13056	1297	https://twitter.com/i/web/status/1334983802851106819	0.2138500384994101
16	Fair questions for AG Bill Barr: 1. Did you investigate voting fraud? 2. What did you do? 3. What did you find? 4. How much time did you spend? 5. Were experts involved? 6. How many Dominion machines analyzed? 7. How many poll watchers interviewed?  We foot bill. We need answers.	Lin Wood	Wed Dec 02 04:55:37 +0000 2020	[]	71743	21649	1880	https://twitter.com/i/web/status/1333998229525057540	0.2087341200288111
17	So much voter fraud and voting â€œirregularitiesâ€ that the right thing to do and the â€œcome togetherâ€ imperative is for Biden Harris to finally concede.	Brian S Hall	Sun Dec 06 00:13:31 +0000 2020	[]	0	1	0	https://twitter.com/i/web/status/1335376791024832513	0.20646984435672633
18	@BrandonStraka If there is no change in the voting machines and no consequences for fraud, we will never win any race again. 2022 wonâ€™t matter.	Somewhat Sassy Susie	Sat Dec 05 19:55:55 +0000 2020	[]	5	2	0	https://twitter.com/i/web/status/1335311961828040704	0.2035950814991887
19	FAMILY FRAUD: Vote Counter Who Provided Suitcase Ballots Is DAUGHTER Of Vote Counter Identified As Ruby Freeman - National File https://t.co/wIs0Dsp7ly	Mike Hess	Sat Dec 05 19:26:13 +0000 2020	[]	64	39	3	https://twitter.com/i/web/status/1335304488312311809	0.20336609013455376
QUERY	i voted
0	Interesting   Dead Votes Maiden Votes Illegal Immigrant Votes Duplicate Votes UNderage Votes Switch Votes Late Votes  Amazing how they all voted for Biden  . https://t.co/ZfwKZ1P7J9	Mike Jagger	Sat Dec 05 20:21:39 +0000 2020	[]	43	16	2	https://twitter.com/i/web/status/1335318438089117696	0.5415873651509034
1	LAST VOTE !  1 RT = 1 VOTE ğŸ—³ï¸  PLEASE RT AND DROP YOUR VOTES I'LL RETWEET THEM  I Voted for #ateez on #MAMAVOTEÂ  ï½œ 2020 MAMA ï½œ 2020.12.06 (SUN) @ATEEZofficial #ATEEZ #ì—ì´í‹°ì¦ˆ https://t.co/DrvM8x3sQ9	É´á´‡Ê€á´:cÉ‘miáµƒáµ˜Ë¢ğŸ»	Sat Dec 05 15:44:18 +0000 2020	['ateez', 'MAMAVOTE', 'ATEEZ', 'ì—ì´í‹°ì¦ˆ']	3	46	13	https://twitter.com/i/web/status/1335248643113299973	0.5012517431875839
2	heey! we're still voting today i guess, so here's my vote: please rt and drop your votes ğŸ˜¼ [#2020MAMA] Voted for #ateez on #MAMAVOTE ï½œ 2020 MAMA ï½œ 2020.12.06 (SUN)  @ATEEZofficial	mal âˆ || rt ğŸ“Œ	Sat Dec 05 15:41:32 +0000 2020	['2020MAMA', 'ateez', 'MAMAVOTE']	19	168	77	https://twitter.com/i/web/status/1335247945835405314	0.4682818443670726
3	Georgia! As vote for Perdue and Loeffler is a vote for America and Trump! Not voting gives your vote to the CCP loving Democrats!   https://t.co/XJ8NjHlvOD	Flag Flying Patriot	Sat Dec 05 22:19:19 +0000 2020	[]	4	2	0	https://twitter.com/i/web/status/1335348051389665280	0.4654199611391165
4	Mama votes are still counted so RT every vote that you see and drop yours so i can RT  [#2020MAMA] Voted for #mamamoo on #MAMAVOTE ï½œ 2020 MAMA ï½œ 2020.12.06 (SUN) @MnetMAMA	luna is inactive	Sat Dec 05 15:25:13 +0000 2020	['2020MAMA', 'mamamoo', 'MAMAVOTE']	6	164	37	https://twitter.com/i/web/status/1335243840576372740	0.45201288318599336
5	hereâ€™s my last vote for today, please be sure to make your vote and retweet all the votes you can :)  [#2020MAMAÂ â  â  ] Voted for #twiceâ  â on #MAMAVOTEÂ â  â | 2020 MAMA ï½œ 2020.12.06 (SUN) @MnetMAMA @JYPETWICE https://t.co/PRHXCNTX0r	nicole loves chae	Sat Dec 05 18:01:39 +0000 2020	['2020MAMA', 'twice', 'MAMAVOTE']	14	71	13	https://twitter.com/i/web/status/1335283208750047233	0.44564334853534543
6	the voting isnâ€™t over on twitter so retweet and reply with your votes for @RBW_MAMAMOO too.  [#2020MAMA] Voted for #mamamoo on #MAMAVOTE ï½œ 2020 MAMA ï½œ 2020.12.06 (SUN) @MnetMAMA	rei of sun || AYA 11.03	Sat Dec 05 15:15:27 +0000 2020	['2020MAMA', 'mamamoo', 'MAMAVOTE']	1	43	11	https://twitter.com/i/web/status/1335241380226949121	0.43669228334497084
7	we can vote until 7pm kst teumes so LETS VOTE ğŸ”¥   pls rt all the votes that you see ğŸ’™  [#2020MAMAÂ ] Voted for #treasure on #MAMAVOTEÂ  ï½œ 2020 MAMA ï½œ 2020.12.06 (SUN) @MnetMAMA  https://t.co/A4hTWb1t8m	ğ˜ğ—²ğ˜‚ğ—ºğ—²ğ—»ğ—¼ğ—¼ğ—»ğ—®. rt my pinned	Sat Dec 05 22:03:35 +0000 2020	['2020MAMA', 'treasure', 'MAMAVOTE']	7	42	9	https://twitter.com/i/web/status/1335344093136764928	0.4322609285876755
8	If you voted for Trump......  You voted for sexual assault.  You voted for pedophilia. You voted for racism. You voted for sexism and misogyny.  You voted for homophobia.  You voted for xenophobia.  You voted for Islamaphobia.  You voted for hate crimes and violence. (1/7)	ğŸ‘‘ğŸ˜·ğ“™ğ“®ğ”€ğ“®ğ“µğ“¼ğŸ˜·ğŸ‘‘	Sat Dec 05 18:27:37 +0000 2020	[]	93	18	5	https://twitter.com/i/web/status/1335289739893682177	0.4214303281436838
9	TODAY is the LAST DAY of voting moos!  RT &amp; DROP YOUR VOTEs HERE! Let's help each otherâ¤ï¸  [#2020MAMA] Voted for #mamamoo on #MAMAVOTE ï½œ 2020 MAMA ï½œ 2020.12.06 (SUN) @MnetMAMA	ğ”ğ”¦ğ”ğ”«â–â´Ë£â´	Sat Dec 05 15:04:50 +0000 2020	['2020MAMA', 'mamamoo', 'MAMAVOTE']	10	365	67	https://twitter.com/i/web/status/1335238708954460161	0.41905684752453126
10	This is my official last vote~  â¬‡ï¸ your votes  We did great moos and we should focus now on retweeting votes here on twitter. Since it's the last day, each vote must have AT LEAST 300 votes.  [#2020MAMA] Voted for #mamamoo on #MAMAVOTE ï½œ 2020 MAMA ï½œ 2020.12.06 (SUN) @MnetMAMA	á´€Ê€á´›á´‡á´Éªêœ±â–â´Ë£â´â¤œayaâŸ¶	Sat Dec 05 15:12:32 +0000 2020	['2020MAMA', 'mamamoo', 'MAMAVOTE']	4	243	44	https://twitter.com/i/web/status/1335240647142359041	0.4125956144082979
11	LAST DAY   We can still vote on twitter! We can really do it, moos! RT and drop your votes :)    [#2020MAMA] Voted for #mamamoo on #MAMAVOTE ï½œ 2020 MAMA ï½œ 2020.12.06 (SUN) @MnetMAMA @RBW_MAMAMOO â™¥ï¸	23 ğŸŒ¹	Sat Dec 05 16:33:33 +0000 2020	['2020MAMA', 'mamamoo', 'MAMAVOTE']	11	388	67	https://twitter.com/i/web/status/1335261034047819778	0.41251015629596105
12	LAST day to vote ğŸ“¨ RT &amp; drop your votes â†“  donâ€™t forget to stream inception ğŸ”— https://t.co/UDHIwBVgBY and vote on mwave  ğŸ”— https://t.co/GHAlHiPE8J  I voted for #ateez on #MAMAVOTEÂ Â Â Â Â Â Â Â Â   @ATEEZofficial  ã€we will be live voting DURING #2020MAMA so donâ€™t forget to tune inã€‘ https://t.co/O98lo9tEh3	belle:) ğŸ“Œ	Fri Dec 04 16:24:27 +0000 2020	['ateez', 'MAMAVOTE', '2020MAMA']	3	27	8	https://twitter.com/i/web/status/1334896358357147648	0.40743071496804095
13	A vote here a vote there.....Deep State still wins	Dave	Sat Dec 05 23:45:38 +0000 2020	[]	0	3	0	https://twitter.com/i/web/status/1335369771026563072	0.40598876272731166
14	last day of voting ! pls rt if u see this and drop ur votes below so i can rt it too   [#2020MAMAÂ ] Voted for #seventeen on #MAMAVOTEÂ  ï½œ 2020 MAMA ï½œ 2020.12.06 (SUN) @MnetMAMA  https://t.co/OKfy8lVZGY	rae homies swindlers 2nd month	Sat Dec 05 00:58:50 +0000 2020	['2020MAMA', 'seventeen', 'MAMAVOTE']	22	134	33	https://twitter.com/i/web/status/1335025808222515203	0.39628287708823884
15	Are you protecting my vote by having dead people vote for you? What about people voting many times? How does that protect my vote? If you wanted every vote protected you would call for an audit in all 50 states to make sure NOBODY'S vote was watered down.	PresidentElectPurple (ğŸŒŸ)âŒğŸ’ŠğŸ‡ºğŸ‡¸	Mon Nov 16 15:55:48 +0000 2020	[]	150	120	18	https://twitter.com/i/web/status/1328366167963164681	0.3918463091285435
16	We voted hard, we can be proud, now one last push with the twitter vote!!! ğŸ“£RT EVERY VOTE YOU SEE, IT CAN MAKE THE DIFFERENCE TO GET US THE TOP10 AWARD Drop your votes so I can rt!!!  [#2020MAMA] Voted for #mamamoo on #MAMAVOTE ï½œ 2020 MAMA ï½œ 2020.12.06 (SUN) @MnetMAMA	Byulie ğŸ’™	Sat Dec 05 15:15:54 +0000 2020	['2020MAMA', 'mamamoo', 'MAMAVOTE']	3	191	39	https://twitter.com/i/web/status/1335241495243350017	0.38913561655376927
17	In 2020, Biden won the popular vote by 7 million votes.  In 2016, Trump lost the popular vote by 3 million votes.  Both won the Electoral College by the same margin.  The Electoral College needs to go.	Robert Reich	Thu Dec 03 22:20:40 +0000 2020	[]	82913	10783	965	https://twitter.com/i/web/status/1334623613715161088	0.3890702846648103
18	vote on the official website! rt and drop your votes!  moomoos fighting!  [#2020MAMA] Voted for #mamamoo on #MAMAVOTE ï½œ 2020 MAMA ï½œ 2020.12.06 (SUN) @MnetMAMA	â¸tantanâ·â¨Ÿâ–	Fri Dec 04 08:45:48 +0000 2020	['2020MAMA', 'mamamoo', 'MAMAVOTE']	4	277	36	https://twitter.com/i/web/status/1334780936584458240	0.38610799277941776
19	LAST DAY OF TWITTER VOTING ATINY!!  Please RT++ drop your votes too! â¤ï¸  #2020MAMA Voted for #ateez on #MAMAVOTE ï½œ 2020 MAMA ï½œ 2020.12.06 (SUN) @MnetMAMA @ATEEZofficial  https://t.co/CT2QsS93Vn	anastasia ğŸ¦‹â™¡	Sat Dec 05 23:19:43 +0000 2020	['2020MAMA', 'ateez', 'MAMAVOTE']	3	23	6	https://twitter.com/i/web/status/1335363249806700546	0.38496272650062896
QUERY	georgia votes
0	Georgia Georgia Georgia. If youâ€™re conservative or you just donâ€™t want to vote for the other team, itâ€™s all about Georgia if conservatives want to see the light of day it better be Georgia on our minds and in our votes! GEORGIA RUNOFF!! ğŸ’ªğŸ’ªğŸ’ª	Kirstie Alley	Sat Dec 05 14:02:16 +0000 2020	[]	14283	2283	345	https://twitter.com/i/web/status/1335222965118660610	0.5677749693308554
1	Please Vote Georgia. President Trump Needs you	FireLieutenant2020ğŸ”¥ğŸ‡ºğŸ‡¸	Sat Dec 05 20:27:56 +0000 2020	[]	50	14	1	https://twitter.com/i/web/status/1335320019530559489	0.4615109326785306
2	Georgia! As vote for Perdue and Loeffler is a vote for America and Trump! Not voting gives your vote to the CCP loving Democrats!   https://t.co/XJ8NjHlvOD	Flag Flying Patriot	Sat Dec 05 22:19:19 +0000 2020	[]	4	2	0	https://twitter.com/i/web/status/1335348051389665280	0.40314894492748876
3	PLEASE VOTE    PLEASE  VOTE GEORGIA ON MY MIND GEORGIA ON MY MIND GEORGIA ON MY MIND Thank you for Stopping by this Twitter Feed Please Wear a Mask and Social Distance Barry Geiman @barrygeiman United States	BARRY GEIMAN	Tue Nov 17 16:26:19 +0000 2020	[]	1	2	0	https://twitter.com/i/web/status/1328736232126492673	0.3789352755623946
4	There are more people at the rally tonight than people who voted for Biden in Georgia.	Dean Browning	Sat Dec 05 22:56:33 +0000 2020	[]	305	75	33	https://twitter.com/i/web/status/1335357421091483648	0.35264868904299207
5	You canâ€™t flip Georgia dipshit. Thousands more people in Georgia voted for Joe Biden. Get used to saying â€œPresident Joe Bidenâ€ https://t.co/pAWkJsiohU	Apparent Steve	Sat Dec 05 23:53:29 +0000 2020	[]	2	1	1	https://twitter.com/i/web/status/1335371747378536449	0.33898504438124094
6	President Trump -GET OUT THE VOTE- rally soon GEORGIA .....SAVE AMERICA FROM THE COMMIES. GO VOTE!!	TweetheartğŸ‡ºğŸ‡¸	Sat Dec 05 23:47:11 +0000 2020	[]	4	3	0	https://twitter.com/i/web/status/1335370164309696515	0.3261247809490284
7	ğŸš¨ GEORGIA VOTERS ğŸš¨  DEMAND @GovKemp @BrianKempGA TO STOP PLAYING WITH GEORGIA'S LEGAL VOTES! WE'LL ONLY ACCEPT SIGNATURE VERIFICATION ON COUNTING LEGAL VOTES! NO MORE CHEATING! https://t.co/nRZgd8nkX8	ğŸ‡ºğŸ‡¸ğ•¿ğ–—ğ–šğ–™ğ– ğ–ğ–†ğ–˜ ğ–“ğ–” ğ–†ğ–Œğ–Šğ–“ğ–‰ğ–†ğŸ‡ºğŸ‡¸	Sat Dec 05 22:44:10 +0000 2020	[]	4	3	2	https://twitter.com/i/web/status/1335354305700909056	0.31939400390595096
8	Georgia, the future of America is in your hands. Vote blue!	Gary January 20, 2021 finally President Biden ğŸ‡ºğŸ‡¸	Sat Dec 05 22:34:18 +0000 2020	[]	9	2	0	https://twitter.com/i/web/status/1335351822949691393	0.30152216958802464
9	When Trump wins he's going to need the Senate. If you're at Trumper in Georgia..Vote. In fact vote several times.. Democrats do..	Ted Hood..	Sun Dec 06 00:12:53 +0000 2020	[]	2	1	0	https://twitter.com/i/web/status/1335376632509554689	0.29872595020873455
10	Ballot recount in Georgia county gives Biden more votes	Frida Ghitis	Sat Dec 05 23:59:29 +0000 2020	[]	8	1	0	https://twitter.com/i/web/status/1335373259852951552	0.2939133061588347
11	BREAKING - Trump argues in Georgia that only votes where [in person voting] signatures should be counted &amp; heâ€™ll win by 144,000 votes otherwise [not throwing out mail-ins its rigged. GA Gov declines Trump request to help overturn certified election result https://t.co/mbfAf2d0pk	Frank Sowa	Sun Dec 06 00:03:03 +0000 2020	[]	1	1	0	https://twitter.com/i/web/status/1335374154544123906	0.2921579627562959
12	GEORGIA, you can save AMERICA. Vote @ossoff and @ReverendWarnock. 	John Pavlovitz	Sat Dec 05 23:51:15 +0000 2020	[]	115	38	5	https://twitter.com/i/web/status/1335371188034547715	0.2902723224424551
13	For those screaming about voting in the GA runoff...  I live in Georgia &amp; I will not vote if they donâ€™t fix the criminal election fraud. My vote didnâ€™t count on Nov. 3rd &amp; it wonâ€™t count in a runoff if the fraud isnâ€™t eliminated.  @LLinWood is right about this.   Just think...	A_Blosssom ğŸ‡ºğŸ‡¸	Sat Dec 05 22:00:53 +0000 2020	[]	21	9	8	https://twitter.com/i/web/status/1335343410899808257	0.2869194213922789
14	Trump presses Georgia governor to overturn presidential vote result 	Los Angeles Times	Sun Dec 06 00:17:01 +0000 2020	[]	2	1	3	https://twitter.com/i/web/status/1335377670658527232	0.27481165825382636
15	@jawja100 @Merrirrro Everyone in GEORGIA who voted for JOE BIDEN, we need you all to turn out and VOTE DEMOCRAT for OSSOFF and WARNOCK on January 5, 2021, and WE, all Americans, will be rid of MOSCOW MITCH!!!	Charlie Cuddles	Sat Dec 05 18:30:40 +0000 2020	[]	42	21	2	https://twitter.com/i/web/status/1335290510534189059	0.2671949772667266
16	GEORGIA.ğŸ—³ï¸ğŸš¨  WARE COUNTY. 37 VOTES.  BIDENâ¬†ï¸37 votes. TRUMP â¬‡ï¸votes.  That would be an *exact switch* for those who are actually paying attention. The error was caught and reversed.  Now, let me show you something eerie below the fold. ğŸ‘‡1/2 https://t.co/JMEMDPYuxW	Kyle Becker	Sat Dec 05 06:31:46 +0000 2020	[]	4807	1889	91	https://twitter.com/i/web/status/1335109593207287810	0.25584788635779165
17	@realDonaldTrump @dougducey @BrianKempGA You would have won Arizona and Georgia if youâ€™d had the most votes. You didnâ€™t so you lost. Itâ€™s not that hard.	Mama_C2	Sat Dec 05 22:42:10 +0000 2020	[]	644	19	10	https://twitter.com/i/web/status/1335353799746187264	0.25358912840208914
18	Georgia will #ContinueTheBlueWave  This vote is as important to America as the  Presidential election.  While #MoscowMitch is the Senate  he will hinder @JoeBiden. A vote for @ossoff and @ReverendWarnock will #FlipGeorgiaSenateBlue   #DemVoice1 #FreshVoicesRise #EveryVoiceMatters	ğŸ’›RosemaryğŸ’›ğŸ„â„ï¸â›„ï¸WearAMaskğŸ˜·	Sat Dec 05 04:22:44 +0000 2020	['ContinueTheBlueWave', 'MoscowMitch', 'FlipGeorgiaSenateBlue', 'DemVoice1', 'FreshVoicesRise', 'EveryVoiceMatters']	30	20	4	https://twitter.com/i/web/status/1335077121627213825	0.2530992786461289
19	GEORGIA VOTERS LISTEN UP!  YOU HAVE 1 MORE DAY TO REGISTER TO VOTE  DECEMBER 14TH IS THE FIRST DAY OF EARLY VOTING  FIND YOUR VOTING PLACE   MAKE A PLAN  BRING A FRIEND   IF YOU VOTE FOR @ossoff &amp; @ReverendWarnock AMERICA WINS	WTFGOP?	Sat Dec 05 23:44:40 +0000 2020	[]	20	8	0	https://twitter.com/i/web/status/1335369528390217728	0.25132014157368343
QUERY	trump team
0	What do you say we pray for Rudy (his team), Sidney (her team) and Trump (his team)ğŸ™. The plan was RUINED by Trump winning and now we all get to witness the Evil that has been hidingğŸ‘Š. The TRUTH is like a light shining on all their Evil behaviorğŸ‘ https://t.co/KFHQMWwDvv	Robert	Sat Dec 05 18:49:51 +0000 2020	[]	1367	780	60	https://twitter.com/i/web/status/1335295334948335617	0.6589502905334429
1	Trump legal team in court 	Zack Bornstein	Fri Dec 04 18:10:26 +0000 2020	[]	14653	2687	802	https://twitter.com/i/web/status/1334923027960659968	0.5671644861035166
2	Good Morning Team Trump! â¤ï¸ğŸ¤ğŸ’™	ArmyBratt â­ï¸â­ï¸â­ï¸Parler: ArmyBratt68	Sat Dec 05 11:50:44 +0000 2020	[]	1137	150	104	https://twitter.com/i/web/status/1335189863600181252	0.5334627292120754
3	Saturday court losses for Team Trump	Jamie Dupree	Sat Dec 05 16:18:03 +0000 2020	[]	126	31	14	https://twitter.com/i/web/status/1335257136922828800	0.43257913573268214
4	RT if you're praying for President Trump and his legal team today!!	Brigitte Gabriel	Tue Nov 17 11:21:41 +0000 2020	[]	57141	21486	901	https://twitter.com/i/web/status/1328659569711718401	0.4286263754272354
5	Trump legal teamâ€™s â­ï¸STARâ­ï¸ witness 	Ben Yahr	Thu Dec 03 15:55:28 +0000 2020	[]	23800	3651	1279	https://twitter.com/i/web/status/1334526677028843520	0.4285958560937746
6	Damn, itâ€™s like Trump confused crack law team with law team on crack!	Paul Lander	Sat Dec 05 00:32:28 +0000 2020	[]	29	8	1	https://twitter.com/i/web/status/1335019169977311232	0.40692718667101646
7	Describe Trumpâ€™s â€œlegalâ€ team in a word.	Republicans for Joe Biden ğŸ‡ºğŸ‡¸	Sat Dec 05 16:09:33 +0000 2020	[]	931	86	1969	https://twitter.com/i/web/status/1335254997865467905	0.4054336591648152
8	Team Trump falls to pieces as Donald Trump checks out 	Palmer Report	Sat Dec 05 17:44:10 +0000 2020	[]	91	17	3	https://twitter.com/i/web/status/1335278806429528074	0.40225663944935464
9	"RT @paul_lander Damn, itâ€™s like Trump confused ""crack law team"" with a law team on crack!"	RonSupportsYou	Sun Dec 06 00:14:43 +0000 2020	[]	1	1	0	https://twitter.com/i/web/status/1335377090489696257	0.37557428433374856
10	Why is Trumpâ€™s legal team doing the job of the FBI and DOJ?	Catturd â„¢	Sat Dec 05 00:30:01 +0000 2020	[]	86198	14108	3250	https://twitter.com/i/web/status/1335018553402122243	0.3679455944791286
11	Team Trump Files GA Lawsuit Ahead of MAGA Rally in Valdosta 	John Fredericks	Sat Dec 05 23:43:12 +0000 2020	[]	89	30	3	https://twitter.com/i/web/status/1335369159819948032	0.34282011207453267
12	@marceelias BREAKING: Trump Legal Team Progress Update 	Detoxing Evangelical	Sat Dec 05 16:21:26 +0000 2020	[]	48	3	0	https://twitter.com/i/web/status/1335257986936266753	0.32728723054566433
13	#StopTheSteal team has arrived at the Trump rally in Georgia.  We are here to support our President ğŸ‡ºğŸ‡¸  @ali @PaulJEscandon @JasonRink https://t.co/KRsr5zd4OF	Mike Coudrey	Sat Dec 05 20:01:30 +0000 2020	['StopTheSteal']	1910	472	43	https://twitter.com/i/web/status/1335313367922249732	0.3263474168504743
14	a drunk woman is trump teamâ€™s star witness in michigan 	marisa kabas	Thu Dec 03 01:55:13 +0000 2020	[]	195189	27982	17894	https://twitter.com/i/web/status/1334315220815278080	0.3149351306330508
15	The Trump team's strategy here is to remind Georgia voters that elections are rigged... in an effort to get them to participate in another election.  Brilliant messaging. Just brilliant.	Brian Tyler Cohen	Sun Dec 06 00:03:49 +0000 2020	[]	4	1	0	https://twitter.com/i/web/status/1335374349155483648	0.31341162208630535
16	Trump administration 'blocked Biden's transition team from meeting with top Pentagon officials' 	Daily Mail US	Sun Dec 06 00:06:06 +0000 2020	[]	3	1	1	https://twitter.com/i/web/status/1335374925184577536	0.30767538055625226
17	â€œThe Trump administration has refused to allow members of President-elect Joe Bidenâ€™s transition team to meet with officials at U.S. intelligence agencies that are controlled by the Pentagon, undermining prospects for a smooth transfer of power,â€ https://t.co/yDxi8ZpSdg	Storygrrl	Sat Dec 05 02:44:51 +0000 2020	[]	37	20	3	https://twitter.com/i/web/status/1335052485497503745	0.3033090709827382
18	President Trump's legal team presents evidence of alleged voter fraud in Ga. -  #OANN	One America News	Sat Dec 05 18:22:03 +0000 2020	['OANN']	6126	1016	185	https://twitter.com/i/web/status/1335288340086591489	0.30162827543881493
19	BREAKING HUGE: Trump Team Has Dominion Machine from Small Georgia County - Shows Votes Flipped from Trump to Biden via @gatewaypundit https://t.co/iR0vKicDXv	Bg G	Sat Dec 05 23:02:44 +0000 2020	[]	4	2	0	https://twitter.com/i/web/status/1335358978340089857	0.30053099354840146
QUERY	biden team
0	Pentagon spy agencies to meet with Biden transition team 	SNOWFLAKE	Sat Dec 05 23:58:47 +0000 2020	[]	2	1	0	https://twitter.com/i/web/status/1335373084094763009	0.3547973451577371
1	Bidenâ€™s â€œtransition teamâ€ has been blocked from receiving military intel	Q clues (NEW ACCOUNT)	Sat Dec 05 23:08:04 +0000 2020	[]	44	6	1	https://twitter.com/i/web/status/1335360318273249280	0.3547198383775138
2	Trump administration 'blocked Biden's transition team from meeting with top Pentagon officials' 	Daily Mail US	Sun Dec 06 00:06:06 +0000 2020	[]	3	1	1	https://twitter.com/i/web/status/1335374925184577536	0.3348746168094574
3	WaPo: Biden's Team Blocked From Meeting With US Intelligence Agencies 	ğŸ‡ºğŸ‡¸RğŸ‡ºğŸ‡¸OğŸ‡ºğŸ‡¸BğŸ‡ºğŸ‡¸IğŸ‡ºğŸ‡¸NğŸ‡ºğŸ‡¸	Sat Dec 05 21:56:02 +0000 2020	[]	164	88	17	https://twitter.com/i/web/status/1335342192408326152	0.3308444031229276
4	â€œThe Trump administration has refused to allow members of President-elect Joe Bidenâ€™s transition team to meet with officials at U.S. intelligence agencies that are controlled by the Pentagon, undermining prospects for a smooth transfer of power,â€ https://t.co/yDxi8ZpSdg	Storygrrl	Sat Dec 05 02:44:51 +0000 2020	[]	37	20	3	https://twitter.com/i/web/status/1335052485497503745	0.3301223150729371
5	Did Joe Biden's Team Just Blow Up a Kid To Threaten GA Governor?  via @YouTube	Salty Cracker	Sat Dec 05 19:39:09 +0000 2020	[]	571	186	74	https://twitter.com/i/web/status/1335307741619884032	0.32975384924744205
6	Did Joe Biden's Team Just Blow Up a Kid To Threaten GA Governor?  via @YouTube	President Elect PRETTY LIL' COVFEFE	Sat Dec 05 23:49:04 +0000 2020	[]	1	3	0	https://twitter.com/i/web/status/1335370637318246400	0.32975384924744205
7	Bidenâ€™s transition team has been blocked from meeting with U.S. intelligence agencies by President Donald Trumpâ€™s administration.  https://t.co/C7GuhLtiGm	ğ“¡ğ„ğğ€ğ“ğ€â˜†Â· Ë–Â° â™¥ï¸ğŸ¤ğŸ’™	Sat Dec 05 21:31:18 +0000 2020	[]	707	292	84	https://twitter.com/i/web/status/1335335968136548353	0.32055992896107915
8	Pentagon blocked President-elect Joe Biden's intelligence transition team from meeting with agencies https://t.co/T3Azh1I2nD https://t.co/HvkOlvmXpD	CNN Politics	Sat Dec 05 14:05:07 +0000 2020	[]	446	203	310	https://twitter.com/i/web/status/1335223679370862592	0.3200102576483114
9	ğŸ‡ºğŸ‡¸@RudyGiulianiğŸ‡ºğŸ‡¸ : Elections are far from over  ğŸš¨Bidenâ€˜s team blocked from meeting with US Intelligence AgenciesğŸš¨ ğŸ¤”Do they know something ?ğŸ¤” https://t.co/agj4yotS3E	President-ElectğŸ”†Nick 777ğŸ”† 6%	Sat Dec 05 23:51:30 +0000 2020	[]	3	3	0	https://twitter.com/i/web/status/1335371251422908417	0.3172644001251934
10	Joe Biden has asked Dr. Fauci to join his Coronavirus response team 	Amy Mek	Thu Dec 03 22:43:16 +0000 2020	[]	65	28	17	https://twitter.com/i/web/status/1334629301606477826	0.31337827784394706
11	The Trump administration prevented President-elect Joe Biden's transition team from meeting with its counterparts at Pentagon intelligence agencies this week, a source says https://t.co/emoaLdCEnk	CNN Breaking News	Sat Dec 05 01:55:38 +0000 2020	[]	2471	845	813	https://twitter.com/i/web/status/1335040102083538944	0.3097805569271478
12	Pentagon blocks visits to military spy agencies by Biden transition team 	The Washington Post	Fri Dec 04 23:23:06 +0000 2020	[]	1519	963	396	https://twitter.com/i/web/status/1335001713783304192	0.30955850799187423
13	Pentagon blocks visits to military spy agencies by Biden transition team 	Roshan Rinaldi	Sat Dec 05 14:40:03 +0000 2020	[]	497	249	87	https://twitter.com/i/web/status/1335232471957458949	0.30955850799187423
14	BREAKING HUGE: Trump Team Has Dominion Machine from Small Georgia County â€“ Shows Votes Flipped from Trump to Biden!  @RudyGiuliani has been exposing this daily, ridiculed and maligned, but he, @SidneyPowell1 and @LLinWood are on it! And @JennaEllisEsq.   https://t.co/he9s0ioEu6	Claire {â­ï¸}	Fri Dec 04 14:24:29 +0000 2020	[]	1411	922	26	https://twitter.com/i/web/status/1334866168281243648	0.30924830228140776
15	BREAKING HUGE: Trump Team Has Dominion Machine from Small Georgia County - Shows Votes Flipped from Trump to Biden 	Jim Pidd	Fri Dec 04 14:21:21 +0000 2020	[]	243	159	6	https://twitter.com/i/web/status/1334865376685899777	0.30924830228140776
16	BREAKING HUGE: Trump Team Has Dominion Machine from Small Georgia County - Shows Votes Flipped from Trump to Biden 	President Elect JJBellğŸŒºğŸ™„	Fri Dec 04 16:28:24 +0000 2020	[]	39	36	1	https://twitter.com/i/web/status/1334897349919911939	0.30924830228140776
17	BREAKING HUGE: Trump Team Has Dominion Machine from Small Georgia County - Shows Votes Flipped from Trump to Biden via @gatewaypundit https://t.co/iR0vKicDXv	Bg G	Sat Dec 05 23:02:44 +0000 2020	[]	4	2	0	https://twitter.com/i/web/status/1335358978340089857	0.30924830228140776
18	BREAKING HUGE: Trump Team Has Dominion Machine from Small Georgia County - Shows Votes Flipped from Trump to Biden https://t.co/Lm3lChTiVo via @gatewaypundit	Kwic.	Fri Dec 04 15:43:56 +0000 2020	[]	316	252	5	https://twitter.com/i/web/status/1334886159336476672	0.30924830228140776
19	BREAKING HUGE: Trump Team Has Dominion Machine from Small Georgia County - Shows Votes Flipped from Trump to Biden https://t.co/18htUDjcei via @gatewaypundit	Finesse	Fri Dec 04 23:49:56 +0000 2020	[]	162	115	2	https://twitter.com/i/web/status/1335008467644424194	0.30924830228140776
